{
    "loss": 14.796724319458008,
    "accuracy": 0.48201438784599304
}