{
    "loss": 9.904435157775879,
    "accuracy": 0.5467625856399536
}