{
    "loss": 30.420799255371094,
    "accuracy": 0.48201438784599304
}