{
    "loss": 2.0996010303497314,
    "accuracy": 0.5251798629760742
}